Epoch,TotalEnvInteracts, AverageEvalReward,     StdEvalReward,     MinEvalReward,     MaxEvalReward,EvalEpLen,             LossPi,            LossQ1,            LossQ2,           Entropy,         AlphaCoeff,              Time
    1,             5000,342.01817098004966, 12.34658896380291, 329.5820315359716, 368.6625431768067,     64.7, -72.67436981201172,  8.76006031036377,   8.4418363571167,20.515670776367188,0.20000001788139343,0.8307672103246053
    2,            10000,   475.95002266615,31.947763072839933, 414.7929542089102, 521.5269610534551,     95.9,  -167.117431640625, 18.38322639465332,18.090524673461914,19.256223678588867,0.20000001788139343,1.5735872427622477
    3,            15000,406.61996981673184,57.026172176914116, 332.2785206666494,495.20462290293284,     78.9, -210.9545440673828,30.921499252319336,30.420324325561523, 18.33219337463379,0.20000001788139343, 2.316889421145121
    4,            20000, 543.2685947580488,148.45250343388696, 347.3472794100783, 772.6603064758333,    113.4,-222.00210571289062, 45.32727813720703,  44.8555908203125,17.456966400146484,0.20000001788139343, 3.065971302986145
    5,            25000, 374.4939900677507,23.038516923945167,348.81533030505204, 432.2097215947131,     69.5, -216.3571319580078, 50.54177474975586,50.533416748046875,16.757341384887695,0.20000001788139343, 3.806636587778727
    6,            30000,355.40222772665464, 47.84749664379814, 301.8483610022086,419.43591263851675,     68.8,    -211.2783203125,  47.7845573425293,  47.7844352722168, 16.68207550048828,0.20000001788139343,  4.55548270146052
    7,            35000,420.18789985638006,101.35711256396492,219.82989503604466, 561.4770349986934,     81.1,-207.16004943847656, 47.75393295288086,47.063533782958984,16.856365203857422,0.20000001788139343, 5.301868732770284
    8,            40000, 394.9211563396828,27.718426260275518,344.48553055609085,440.88299845377907,     73.1,-204.33172607421875,44.659698486328125,43.842166900634766,17.241214752197266,0.20000001788139343, 6.032113869984944
    9,            45000,460.66601569952945,57.358574188298526,404.50729576319554, 610.4111098984856,     90.3,-203.80215454101562, 43.20221710205078,42.005794525146484,17.460674285888672,0.20000001788139343,   6.7851398229599
   10,            50000, 594.4218911681172, 136.2156482261053, 420.7783746386174, 913.3877140584581,    110.5,-204.21624755859375, 43.06285095214844,42.032169342041016,17.529306411743164,0.20000001788139343,7.5352496147155765
   11,            55000, 629.7587038397485, 95.98245746370038, 497.4411901891476, 796.1093094316682,    122.5,-207.12403869628906, 44.75547790527344, 42.88215637207031, 17.59250259399414,0.20000001788139343,  8.29560542901357
   12,            60000, 520.4808844496206,118.46535564563816,386.54715443861767, 762.7056391579606,    100.2,-209.46180725097656,  46.5090446472168, 44.78340530395508, 17.60487937927246,0.20000001788139343, 9.054653120040893
   13,            65000, 392.3419192567069,25.653838295319044,  351.811948121595, 425.8478174054385,     73.4,-211.84825134277344, 46.02039337158203,44.188961029052734,17.678571701049805,0.20000001788139343, 9.795534094174704
   14,            70000, 476.1462718661084, 50.08530733802468, 387.7576614806274, 539.9314209127735,     89.0,-214.30499267578125,44.600669860839844, 43.43724822998047, 17.83231544494629,0.20000001788139343, 10.55185733238856
   15,            75000, 443.0392572702038, 37.62341577035813,385.23889896915006, 527.3516951710718,     81.7,-216.97686767578125, 45.34335708618164,44.248435974121094, 17.88437271118164,0.20000001788139343,11.299379122257232
   16,            80000, 605.0217844487026,111.64107196393255, 480.4350661719578, 846.6076930478416,    118.7, -219.7406463623047, 46.64159393310547, 45.40889358520508, 17.94808578491211,0.20000001788139343,12.042710634072622
   17,            85000, 753.5585008754535,263.84243156253535,421.34985466456874,1301.5054120622226,    143.2,-222.37100219726562, 48.17397689819336, 46.61113739013672,17.949419021606445,0.20000001788139343,  12.8000572959582
   18,            90000, 524.0581715701636,105.29700156205882, 438.1399207969318,   742.15701079723,     96.4,-225.28085327148438, 48.90024185180664, 47.52539825439453,17.911102294921875,0.20000001788139343, 13.55439426501592
   19,            95000, 570.1020702655977,121.53028939750808,451.53456282789756,  869.668135333108,    108.3,-227.55044555664062, 50.03427505493164, 48.65093231201172,17.970699310302734,0.20000001788139343,14.306823988755545
   20,           100000, 530.6847963780233, 65.09680631269119,443.85811395711056,  639.695031711153,    100.5,-230.43170166015625,51.467864990234375, 49.97987365722656,18.018962860107422,0.20000001788139343,15.050115891297658
   21,           105000, 506.0350197694199, 76.83427482617884,399.40222968683383, 644.8978702118495,    100.0, -232.8731689453125, 52.95623016357422,51.216697692871094, 18.04197120666504,0.20000001788139343,15.798065821329752
   22,           110000, 427.8730320249835, 24.23110594965813,401.85190916589556,492.78228798972856,     79.0,-235.56097412109375, 54.71260452270508,  53.3224983215332, 17.99521255493164,0.20000001788139343, 16.54185431400935
   23,           115000, 453.0530172160294, 54.68046775438537, 362.4586209784122, 551.1885086278241,     84.1,-237.74615478515625,56.343788146972656, 54.48963165283203, 17.97017478942871,0.20000001788139343,17.293138845761618
   24,           120000, 550.6006093431158,120.97841195367657, 404.8793919126148, 828.5950411789379,    106.9,-239.78536987304688, 56.27289962768555, 54.77655029296875,  17.9685001373291,0.20000001788139343,18.038141457239785
   25,           125000,  726.117519935761,217.93040339942937, 395.4693030959458,1104.6472926293254,    144.3,-241.09019470214844, 57.22377395629883, 55.45990753173828,18.019725799560547,0.20000001788139343,18.791191915671032
   26,           130000, 640.2043982066332,200.89557635421292,455.88788395478315,1057.4608352250448,    121.3,  -242.491943359375, 57.02280044555664, 55.80352020263672,18.040597915649414,0.20000001788139343,19.545421425501505
   27,           135000, 563.8678893033822, 37.21147871426116,485.22617805240753,  626.798684830079,    104.2,-244.59425354003906, 58.64133071899414,57.075714111328125,18.050945281982422,0.20000001788139343,20.293909855683644
   28,           140000, 612.2539015319817, 78.74027550451356, 494.9687993544194, 730.9164874782844,    115.6,-246.28050231933594, 60.09368896484375, 58.55268859863281, 18.07413673400879,0.20000001788139343,21.050556449095406
   29,           145000, 508.3411701122257, 78.61907647924758, 412.4506532961801, 680.1050545994364,     98.2,-247.06825256347656, 60.23655700683594,58.874393463134766,18.059669494628906,0.20000001788139343,21.794353000322978
   30,           150000, 582.4262648744814,117.07093010111828,409.03850603584465, 823.2523085664302,    118.1, -248.9569549560547, 60.76237487792969,59.516075134277344,18.092941284179688,0.20000001788139343,22.540700928370157
   31,           155000,  585.205290004772, 87.46857936145483,464.54529532901324,  746.247699551905,    111.2, -250.9935302734375, 61.52198791503906,59.979286193847656,18.116390228271484,0.20000001788139343,23.295184644063315
   32,           160000, 636.3388035826098,132.76587657616412, 454.9456290608698, 842.5525662759402,    127.4,-253.12794494628906,63.129886627197266, 61.56131362915039,18.109207153320312,0.20000001788139343,24.042771855990093
   33,           165000,  623.918903826704, 106.6838947889575, 516.2909653536801, 835.4519845909701,    116.5,-255.02957153320312, 64.56361389160156, 63.15152359008789, 18.06863021850586,0.20000001788139343,24.800230487187704
   34,           170000, 550.7021061097732, 93.45541801904398, 449.7455902233402, 760.5096319905208,    101.6,-257.08648681640625, 66.32254791259766, 64.99193572998047,18.068811416625977,0.20000001788139343,25.545439438025156
   35,           175000,473.01392465350546, 40.08306561406554,414.28892857793375, 550.9708522972243,     87.8, -258.1163024902344, 68.50579833984375, 66.82923889160156, 18.08198356628418,0.20000001788139343,26.303218758106233
   36,           180000, 587.8488558381604,137.31197626506116, 456.3279604255791, 912.0804371597058,    111.2,   -259.56494140625,  69.0842056274414, 67.32572174072266,18.081335067749023,0.20000001788139343, 27.06767861445745
   37,           185000, 772.2775165731646, 245.3911233157384, 528.2007283038349,1234.2402961672287,    146.3,  -261.531494140625, 69.30673217773438, 67.69107818603516, 18.05364990234375,0.20000001788139343,27.809200763702393
   38,           190000, 1225.160709046088,260.18733746824466, 703.3124457057268,1663.9744142425666,    232.9, -264.5041809082031, 71.24774169921875, 69.72942352294922,18.048337936401367,0.20000001788139343,28.584406928221384
   39,           195000, 726.8962245343218, 276.1554948630508, 475.0447138225218,1215.2435450650225,    135.8, -267.0444641113281,    72.25830078125, 70.48214721679688,18.046279907226562,0.20000001788139343,29.346207201480865
   40,           200000, 834.6007640692217, 308.9083340255139,463.99027600514086,1480.9825048371192,    164.2,-268.99530029296875, 73.15147399902344, 71.77473449707031, 18.02927017211914,0.20000001788139343,30.098548988501232
   41,           205000, 757.2580173273445,210.15925718604532,470.61052022427435,1057.7177914812341,    141.5, -271.3319396972656, 73.59294128417969, 71.64627838134766, 18.01233673095703,0.20000001788139343,30.855471801757812
   42,           210000, 992.9414905084068, 292.7189729491393, 652.5229769791762, 1690.252917865883,    189.4, -274.4637451171875, 73.21697235107422,  71.3865737915039, 18.02622413635254,0.20000001788139343,31.627535951137542
   43,           215000,  741.183290382152,385.17826092661585,482.70659493892356,1802.6849912706048,    143.3, -277.1238098144531, 75.04164123535156,  73.7088623046875,17.954504013061523,0.20000001788139343, 32.38398729960124
   44,           220000, 830.2529578425607,238.15307340126307,495.03505487433614, 1282.532937657363,    156.5, -280.3037414550781, 78.29756164550781, 76.65898895263672,17.891210556030273,0.20000001788139343,33.142143813769025
   45,           225000, 676.0719005613298, 187.4387897869073, 471.0569957554793,1156.9586641478568,    128.3,   -282.84033203125, 82.02176666259766, 80.08992767333984, 17.85875701904297,0.20000001788139343,33.883522931734724
   46,           230000, 852.8294032934919,239.29346243359333, 556.1176902008168, 1354.099321063312,    167.2,-285.81549072265625, 83.93468475341797, 82.54075622558594, 17.80820655822754,0.20000001788139343, 34.64217260281245
   47,           235000, 766.9893577385119,362.45486889561545,501.70493488544605,1750.5048298897198,    145.6, -288.6665954589844, 84.99772644042969,  83.2031021118164,17.806333541870117,0.20000001788139343, 35.40235788027446
   48,           240000, 1131.995025244967, 325.1218815292415,  690.762993525376, 1648.265893328595,    213.9, -291.7034606933594, 86.05766296386719, 84.38275146484375,17.740324020385742,0.20000001788139343,36.182782399654386
   49,           245000, 664.0483126702533,105.39450868283785, 512.8056643696267, 811.9136054700234,    126.8,   -294.58154296875,  87.1212158203125, 85.48995971679688,17.761375427246094,0.20000001788139343,36.931775140762326
   50,           250000,1017.2640371639012, 585.2142775481258,468.65827001378324, 2493.756529195399,    196.3,-298.01763916015625, 86.88395690917969, 85.33366394042969,17.778244018554688,0.20000001788139343,   37.704292567571
   51,           255000, 698.8132507661086, 91.47140093512536, 538.0605059546734, 853.2669787499395,    133.9,-301.19989013671875, 89.20564270019531, 87.55978393554688, 17.75827407836914,0.20000001788139343,38.467794966697696
   52,           260000,1115.6294272055093, 372.3761749154037, 584.7332431456484,1851.5381897019065,    209.0, -303.7509460449219, 93.22266387939453, 90.73033142089844, 17.71725082397461,0.20000001788139343, 39.23632686138153
   53,           265000,  3821.28162693239,1972.3727267386882, 731.9672215548214, 5222.135975832799,    738.1, -307.4239807128906, 94.25567626953125, 91.64348602294922,17.731420516967773,0.20000001788139343,40.094532028834024
   54,           270000,1195.1334668506302, 500.5082398599738, 594.8917797832629,1954.1050842237423,    225.5, -310.9846496582031, 94.37474060058594, 92.09417724609375, 17.69866943359375,0.20000001788139343,40.866471751530966
   55,           275000, 1436.306646503505, 831.8845258717707,473.40750068963564,3393.0038823858636,    276.1, -314.7501220703125, 96.12033081054688, 93.62833404541016,17.671907424926758,0.20000001788139343, 41.63261905908585
   56,           280000, 1280.510423091732, 894.6756295024173, 607.9412596350447, 3765.990472219749,    244.8,  -318.818115234375, 95.97647857666016,  94.2326889038086,17.643190383911133,0.20000001788139343, 42.40432753165563
   57,           285000,1803.1485101727642, 900.7259278048228,  569.427510584635, 3036.312456902762,    341.4,   -322.55224609375, 97.14453887939453, 95.07091522216797,17.667949676513672,0.20000001788139343,43.199771237373355
   58,           290000, 1329.640406884792, 510.5781073640661, 820.4067292905615,2605.5161535564894,    254.7,-326.03094482421875, 98.77764129638672, 96.56907653808594,17.642444610595703,0.20000001788139343,  43.9814932902654
   59,           295000,1505.1451512925778, 811.2076056916129, 775.4443221549514, 3678.539754692243,    292.5, -329.7156677246094,101.47483825683594,  99.1287612915039,  17.6444149017334,0.20000001788139343, 44.76548272768657
   60,           300000, 1648.619739229966,1123.2306520618072, 779.0241465793481,3904.5646624538167,    305.6,  -332.781494140625,102.33519744873047,100.14047241210938, 17.60103988647461,0.20000001788139343, 45.56150963306427
   61,           305000, 783.4252921901235,192.67919228453027, 572.4442506335217,1251.7005755315363,    147.8, -335.9372863769531,103.24839782714844,100.86528778076172,17.616331100463867,0.20000001788139343, 46.31437234083811
   62,           310000,1160.5821531306158, 407.6343876949968,  561.235092784509,1862.2136545766136,    219.8, -339.0787353515625,   104.11181640625,102.22048950195312,17.603343963623047,0.20000001788139343, 47.08265592257182
   63,           315000, 1856.841881873738, 1054.716856942618, 658.2692215392667,3552.6979977701403,    353.7, -341.8407897949219, 105.9543228149414,103.25688171386719,17.592350006103516,0.20000001788139343,47.872206048170725
   64,           320000, 1100.187036668021, 268.8899083281812, 684.2273730622082,1605.5848450696758,    211.7,  -344.845947265625, 107.7989273071289, 105.3443374633789, 17.58850860595703,0.20000001788139343, 48.63370861609777
   65,           325000, 965.9078233079814,481.76869083574326, 558.2116371960202,2344.6143189314844,    182.1, -348.0361022949219,109.14372253417969,107.14507293701172,17.607440948486328,0.20000001788139343, 49.40742410024007
   66,           330000,2237.2275596358368, 1198.796326111663,   990.84662566561, 5223.327588250559,    441.5, -350.9515380859375,109.62337493896484,107.26167297363281,17.607458114624023,0.20000001788139343,50.216095459461215
   67,           335000,2930.5992798838715, 1378.943354779515, 862.7777812411184, 5214.688474374276,    561.9, -353.8358459472656,110.64506530761719,   107.81201171875, 17.60935401916504,0.20000001788139343, 51.05174876054128
   68,           340000,1584.3183599546014,1003.8776144518212, 654.4865854251024, 4137.772085794257,    300.5, -356.1509704589844,112.34760284423828, 110.7188491821289, 17.60240936279297,0.20000001788139343, 51.84358398914337
   69,           345000,2549.6722101601526,1892.4173468248132, 637.1440408173992,  5375.09383675161,    477.1, -358.5184631347656,113.14197540283203,110.95377349853516,    17.56103515625,0.20000001788139343, 52.64939565261205
   70,           350000, 3923.919145081575, 1762.607392156017, 784.1053597317273, 5380.292040982597,    738.0, -360.7854919433594,114.42649841308594,112.03765869140625,17.558452606201172,0.20000001788139343,53.504700648784635
   71,           355000,3778.6742833500584,1585.3073100748907,1105.9983020517654, 5350.979018249983,    724.7, -363.7953796386719,112.94476318359375,111.16641235351562, 17.57527732849121,0.20000001788139343, 54.35890312989553
   72,           360000,3488.1169973547467,2020.3668429589743, 907.3215359626449, 5186.548051624461,    680.9, -366.1221008300781,114.23228454589844,111.63629913330078,17.585647583007812,0.20000001788139343, 55.21216634114583
   73,           365000,4144.1858960022455,1842.4203593092332, 524.7365439853021, 5346.946346550363,    778.4, -368.5481872558594,113.32274627685547,110.92998504638672, 17.58130645751953,0.20000001788139343,56.082960895697276
   74,           370000,2015.9334489208497, 838.8591257265961, 823.5700719921389, 3393.369511754061,    377.9, -370.7056884765625,113.04122161865234,110.71751403808594,17.579822540283203,0.20000001788139343, 56.88293138742447
   75,           375000,1809.0378424251207,1291.9045666866639, 462.9390470701397, 4245.189454910139,    343.1, -374.1460876464844,111.96118927001953,110.13113403320312,17.591005325317383,0.20000001788139343,57.678919804096225
   76,           380000,  922.950818373324,261.09850198557035, 554.2528221089065,  1433.94837303829,    176.5,-376.83831787109375,112.68212127685547,110.72315216064453, 17.57732582092285,0.20000001788139343, 58.44002593755722
   77,           385000,3079.4008187050877,1551.5815692181857,1039.7145334747204, 5174.088515861931,    583.1,  -380.262939453125, 111.0400161743164,108.48085021972656,17.628253936767578,0.20000001788139343,59.270587213834126
   78,           390000, 4457.897396096967,1541.7825480792199, 650.3085152267453, 5397.948635039898,    833.2, -383.5672912597656,109.79207611083984,107.76225280761719,17.646621704101562,0.20000001788139343, 60.12981673876445
   79,           395000, 4187.431151517394,1357.1545275662459,1473.9273332260693, 5313.036950195347,    792.0, -386.7460632324219,111.57877349853516, 110.0343017578125,17.642372131347656,0.20000001788139343,  60.9926818728447
   80,           400000, 4421.744676127549,1377.9149031976617,1285.2011252264992, 5299.726914437288,    844.9, -389.6584167480469,110.03506469726562, 108.6668472290039,17.656055450439453,0.20000001788139343,61.879082628091176
   81,           405000,4045.7974519717027,  1260.94972688689,2047.0314697892022, 5343.245085736138,    764.3, -392.2129211425781, 110.7667007446289,109.22370910644531,17.636014938354492,0.20000001788139343,62.734585865338644
   82,           410000,3462.2408304299724,1619.9967860537733, 989.5480841310318, 5320.498925884307,    656.6, -395.0014953613281,    111.0927734375,109.51664733886719, 17.64707374572754,0.20000001788139343, 63.58643442789714
   83,           415000, 4463.669367742462,1763.3016659755554, 672.4925925168678, 5407.991873743783,    837.4,-397.31866455078125,110.77877807617188,109.53662872314453,17.662202835083008,0.20000001788139343, 64.46472463607788
   84,           420000, 4337.338731170246,1663.1868955647872, 916.8746469929788, 5286.910050066573,    824.2,  -400.233154296875,107.95812225341797,106.56858825683594,17.674394607543945,0.20000001788139343, 65.33317101796469
   85,           425000,1792.2949095820848, 996.5779241491675, 540.5645996533468, 2972.611199294334,    335.4,-403.41864013671875,108.11013793945312,107.00648498535156,17.691972732543945,0.20000001788139343, 66.11265549659728
   86,           430000, 4946.125638360272, 944.0404186727628,2290.5746738144408, 5388.541884632507,    924.7, -406.0179443359375,108.98507690429688,108.88087463378906, 17.64809799194336,0.20000001788139343, 67.01540276606877
   87,           435000,3306.4361993557663,1449.7276735355929,1261.6964755218646, 5359.044967203807,    626.7, -408.1617126464844,111.25672149658203,110.16228485107422,17.632728576660156,0.20000001788139343,  67.8545665383339
   88,           440000,4953.8866609838815,1047.4048282585175, 1813.972656219078, 5357.742084434139,    934.5, -410.1463928222656, 111.0031967163086,109.94429016113281,17.654016494750977,0.20000001788139343, 68.74189250071844
   89,           445000,4539.2199735718705, 1153.047358401947,2463.1971989104713, 5304.389318842332,    856.7,  -412.427490234375, 109.2814712524414,108.70929718017578,17.652103424072266,0.20000001788139343, 69.62709778149923
   90,           450000, 4532.314588558507, 1385.691466807646, 1519.220321799161, 5415.302907201851,    840.1, -414.9627990722656,109.73067474365234,108.57498931884766,17.646591186523438,0.20000001788139343, 70.49251753489176
   91,           455000, 4829.746761101602, 920.0111537114119,2694.3603761886525, 5306.947280553717,    912.8,-417.14422607421875,107.66307830810547,107.84239959716797,17.706775665283203,0.20000001788139343, 71.38175119161606
   92,           460000,5031.1737066348815,489.84263441700136, 3564.656583918184, 5250.156632318902,    968.7,      -420.34765625,106.05492401123047, 105.5177993774414, 17.72007179260254,0.20000001788139343,  72.2693084716797
   93,           465000,3248.8538546092177,1216.5493986808583,1663.3147749200812,5238.8353716206275,    624.7, -421.8890075683594,106.15354919433594,106.33377838134766,17.723161697387695,0.20000001788139343,   73.109634633859
   94,           470000, 4832.069497196185, 758.4935001439726, 3424.509783780973, 5356.523945966822,    910.2, -424.5863952636719,103.85845184326172,103.88644409179688,17.757246017456055,0.20000001788139343,  73.9923195083936
   95,           475000, 4893.270284257285,1247.4615639040562, 1151.094042875418,5340.2929697896725,    921.5,     -427.310546875,102.36034393310547,102.76153564453125,17.802608489990234,0.20000001788139343, 74.87999720573426
   96,           480000, 4760.602902187108,1101.7326801851914,2219.0746204251773, 5329.196923684052,    897.9, -429.9320068359375,102.29766082763672,  102.519287109375,17.816740036010742,0.20000001788139343,  75.7734918753306
   97,           485000, 4965.336014172184, 898.8996108705895,2320.3361864855096, 5362.496217761934,    934.8, -431.8381042480469, 103.1704330444336, 103.3597412109375,    17.81201171875,0.20000001788139343, 76.67053484121958
   98,           490000, 5258.322514552643, 31.00820429530226,5188.8039812792595, 5293.880929309811,   1000.0, -433.0889892578125,102.11251068115234, 102.2453384399414,17.795452117919922,0.20000001788139343, 77.57265985806784
   99,           495000,5001.6925883834965, 877.7287413871497,2375.3089286917525, 5361.182465161147,    944.0, -435.7449035644531,     100.634765625,100.80491638183594,17.811073303222656,0.20000001788139343, 78.46892478068669
  100,           500000, 4913.942421137853, 1334.094459869515, 912.5719064058858, 5419.479544515227,    917.9,-438.01129150390625,100.65254974365234,101.27355194091797,17.884252548217773,0.20000001788139343, 79.35893552700678
  101,           505000, 3606.400230452561,1828.2519982404713, 1019.837680677367, 5299.205353231203,    687.2, -439.3256530761719,100.20625305175781,100.42411804199219,17.874662399291992,0.20000001788139343,  80.2055970231692
  102,           510000, 4462.715430410491,1644.2813150086001, 693.7989188857555, 5461.311950433088,    822.5,-440.76458740234375,  100.237548828125,100.83768463134766,  17.8441162109375,0.20000001788139343, 81.07721728086472
  103,           515000,4716.3811172218675,1187.9330003069858,1742.1301206127678, 5350.758646318214,    892.5,-442.80108642578125, 98.39022827148438, 98.96641540527344,17.853830337524414,0.20000001788139343, 81.95093492269515
  104,           520000, 4841.176976094253, 942.2291207151345, 2412.712700978412, 5343.414513238913,    919.7, -445.0671081542969, 99.53157043457031,100.30770111083984,17.877771377563477,0.20000001788139343,  82.8441245317459
  105,           525000, 5408.155078644916,   7.7011377735715,  5386.21478149788, 5415.452591763104,   1000.0, -446.4784851074219,  99.4671630859375, 99.71383666992188,17.877460479736328,0.20000001788139343,  83.7419512907664
  106,           530000, 5142.333577957795, 655.9511329344853, 3174.897145797683, 5385.095692559138,    959.8, -448.7050476074219,  97.1932373046875, 98.16815185546875, 17.93171501159668,0.20000001788139343, 84.63362882137298
  107,           535000, 5449.181913911079, 28.54881581519852, 5388.443617115785,  5486.65243207363,   1000.0, -450.0779113769531, 95.80326080322266, 96.48822784423828,17.941699981689453,0.20000001788139343, 85.54015810887019
  108,           540000,3389.6084561621838, 1247.903610171682,1979.2168738081332, 5342.831792904013,    649.6, -452.3900146484375, 95.82624053955078, 96.26447296142578, 17.94236183166504,0.20000001788139343, 86.38065792322159
  109,           545000, 5061.024492047254,484.81708205391135, 4231.525043202627, 5424.592237212097,    942.2, -454.3175048828125,  95.9100341796875, 96.36198425292969,17.950857162475586,0.20000001788139343, 87.26240022579829
  110,           550000, 4983.640865577203, 1116.897632726815, 1633.807820717541, 5383.403484837136,    930.6, -455.6973876953125, 97.19776153564453, 98.24673461914062,17.954862594604492,0.20000001788139343, 88.15338064829508
  111,           555000,3859.7534436765877, 1302.013936333085,2018.8773983380147, 5399.075385850638,    717.6,-457.82818603515625, 96.94800567626953,  98.0139389038086,17.942258834838867,0.20000001788139343, 89.00611904462178
  112,           560000, 5185.562795583079, 561.8720997102553,3575.8523977528885, 5460.750465123645,    956.9,    -459.3232421875, 96.42730712890625, 97.08572387695312, 17.98011016845703,0.20000001788139343, 89.88935139973958
  113,           565000, 4317.424140531553,1418.1333804727567,1261.7487291483176, 5370.765193319559,    805.3, -461.3493957519531, 94.84942626953125, 95.65286254882812, 17.97616195678711,0.20000001788139343, 90.74760992129644
  114,           570000, 4385.613776367907,1455.3158699097364,1442.1221525767978, 5416.499793325412,    811.8, -462.5697021484375, 95.01014709472656, 95.26971435546875,17.996917724609375,0.20000001788139343, 91.61294237375259
  115,           575000, 4095.988620416898, 1380.448451716961,1553.3638482338301, 5311.373216104399,    781.8, -463.8594055175781, 96.16136169433594, 96.40472412109375,17.947227478027344,0.20000001788139343, 92.47613206704457
  116,           580000,  5393.90467638103,27.340850843664185, 5336.266540066659, 5419.165672345707,   1000.0,-465.49334716796875, 95.49471282958984, 96.21126556396484,17.983518600463867,0.20000001788139343, 93.37179111639658
  117,           585000, 5334.933246957376, 56.78359544107485, 5208.264776867301, 5389.106022584309,   1000.0, -466.9585876464844, 96.46845245361328, 97.47460174560547,17.976581573486328,0.20000001788139343, 94.27727474768956
  118,           590000, 4928.457205726075, 685.6205956073376,3151.9150447600796, 5336.404585060942,    938.4, -467.8843078613281, 93.98590850830078,  94.7751235961914,18.009262084960938,0.20000001788139343, 95.16928160985312
  119,           595000, 4304.710505230557,1516.7170357842524,1235.4433240265337, 5564.338539803728,    782.1,-469.18756103515625,  93.9922103881836, 94.77558898925781,18.002511978149414,0.20000001788139343, 96.02800639867783
  120,           600000, 5101.016279337635,445.95618545876187, 4024.679185337877,5418.1770009029315,    950.4, -469.9547119140625,  93.9342041015625, 94.67739868164062,18.062406539916992,0.20000001788139343, 96.90682918628058
  121,           605000, 5395.386219850539,  12.1815327435411, 5373.510415703448, 5421.228614432668,   1000.0,-470.94000244140625, 93.71600341796875, 94.52832794189453,18.058563232421875,0.20000001788139343, 97.80399115085602
  122,           610000, 5429.412341936694,10.162269464328483, 5410.095049172043, 5447.950288645934,   1000.0,-471.87176513671875, 91.22882843017578,  92.6307601928711,18.100358963012695,0.20000001788139343, 98.69622559944789
  123,           615000, 4911.278495122548,1010.8352838622051, 1905.233033128191,  5337.66431638697,    926.4, -472.6026611328125, 93.48173522949219, 93.81614685058594,18.034034729003906,0.20000001788139343, 99.58471060593924
  124,           620000, 4526.236946622509,1152.5473468027626,2249.5115701924233, 5406.568311831214,    845.5, -473.7148132324219, 92.30846405029297, 92.99642181396484, 18.05243682861328,0.20000001788139343,100.46398585240046
  125,           625000,3728.1484379919007,1562.9627412683178,1213.0739961061681, 5295.671269317039,    712.2, -474.9469909667969, 94.05736541748047,  94.2209243774414,18.121318817138672,0.20000001788139343,101.30168435573577
  126,           630000,2787.6010197159544,1693.2310013665694, 529.7059987925104, 5173.453329336263,    542.7, -476.0899963378906, 93.40184020996094,  94.5139389038086,  18.1214599609375,0.20000001788139343, 102.1118100086848
  127,           635000, 4652.166640136505,1221.6351360389915,1967.3499255479458, 5431.523123015837,    867.4, -477.1054992675781,  92.6884536743164, 93.72352600097656,18.117570877075195,0.20000001788139343,102.99802618026733
  128,           640000, 5410.286733622555,  27.7017098106971, 5346.809010450281,5440.4954424347015,   1000.0, -477.8435363769531,  92.1728286743164, 92.67457580566406, 18.11029624938965,0.20000001788139343,103.90875787734986
  129,           645000, 5410.877823114688,45.392397937944764,5292.4174211557665, 5455.842164902455,   1000.0, -479.1780090332031, 90.78361511230469, 91.47117614746094,18.104183197021484,0.20000001788139343, 104.8197707136472
  130,           650000,5040.3200740543125,1166.8643657544021,1539.8358398448333, 5443.497581458897,    928.7, -481.4185485839844, 89.50395965576172,  90.6933364868164,18.168832778930664,0.20000001788139343,105.70530100663503
  131,           655000, 5075.940833437127,1029.0926597728903,1989.3595712487127, 5459.928368500327,    936.7, -482.6722106933594, 89.77010345458984, 89.97782897949219,18.141189575195312,0.20000001788139343, 106.5974912961324
  132,           660000, 4337.815551374627, 1530.774866799726,1703.5789641566648, 5501.134544555251,    790.5, -483.4379577636719, 90.13331604003906, 91.30339050292969,18.163375854492188,0.20000001788139343,107.46312034130096
  133,           665000, 5051.774452614227, 955.4546295899014,2185.9408290189976, 5396.605863446589,    940.6, -484.9276428222656,  88.4996109008789, 89.36786651611328, 18.17809295654297,0.20000001788139343,108.34744656085968
  134,           670000,5324.6481033874325,20.624905765809586, 5271.941391224247, 5344.901161074658,   1000.0,           -485.625,  88.8204574584961,  90.0511474609375, 18.16300392150879,0.20000001788139343,109.24119962453842
  135,           675000, 5301.450251796635, 23.14802165127521, 5272.369981085005,  5336.03899761971,   1000.0, -486.2484436035156, 89.43758392333984, 90.09638977050781, 18.18244743347168,0.20000001788139343,110.14231278101603
  136,           680000, 5470.188974829079,12.172952204798747, 5438.098387444408, 5485.052673326729,   1000.0, -487.0672607421875,  90.1585464477539, 90.88406372070312, 18.15868377685547,0.20000001788139343,111.03339368502299
  137,           685000,3783.5077781316213,1965.0901651315958, 885.8985690089786, 5391.003052428625,    710.3,-488.06829833984375, 89.14112854003906, 89.74639892578125, 18.15677261352539,0.20000001788139343,111.88233432769775
  138,           690000,5398.6306495664485,  24.1786561006981, 5353.532955688108, 5440.510534481195,   1000.0, -488.8964538574219, 89.13704681396484, 90.13651275634766, 18.16474723815918,0.20000001788139343,112.78220355113348
  139,           695000, 4462.844070173825, 892.9018813442648,2792.5211535555745,  5415.53243006457,    842.3, -489.8575134277344, 88.57135009765625, 88.93994903564453,18.155197143554688,0.20000001788139343,113.66685597896576
  140,           700000, 5417.618866583549, 32.41124889733479, 5343.602412212247, 5450.602731608946,   1000.0, -490.5954895019531, 88.27449798583984,  88.7771224975586,18.204647064208984,0.20000001788139343,114.57010783751805
  141,           705000, 5437.293906462854,15.052945507641402, 5409.988951968091, 5453.944844112702,   1000.0, -491.7055969238281, 87.92884063720703,  87.9449462890625, 18.20885467529297,0.20000001788139343,115.47518085241317
  142,           710000, 3764.430504002151,1682.2422313692282, 788.8610494270292,  5445.17915099518,    695.4, -492.7304992675781,  86.6969985961914,   86.833251953125, 18.20181655883789,0.20000001788139343, 116.3244389851888
  143,           715000, 5382.419315152355,23.975043280882904, 5333.522163839023, 5418.995274402368,   1000.0, -493.7012023925781, 86.25458526611328, 86.90145111083984, 18.19696807861328,0.20000001788139343,  117.214377895991
  144,           720000, 3688.196318271371,1456.0288334502072, 1928.095049397669, 5290.303204711861,    698.3, -494.8104553222656,  85.1615219116211, 85.86683654785156,18.244110107421875,0.20000001788139343,118.06613997220992
  145,           725000, 5437.583812155005,29.112666941207312, 5362.583620462994, 5470.784025419616,   1000.0, -495.7984924316406, 83.99713134765625, 85.07897186279297, 18.28336524963379,0.20000001788139343,118.96389441092809
  146,           730000,5124.7937475035005, 864.5291765823094,2531.4987377542284, 5430.596683911767,    946.8, -496.2967529296875, 85.59061431884766, 85.64183807373047, 18.24215316772461,0.20000001788139343, 119.8544048388799
  147,           735000, 5404.582644808739,17.268178703340077, 5367.084997087835, 5434.029211700006,   1000.0, -497.0787353515625, 85.22323608398438, 86.38289642333984, 18.26361846923828,0.20000001788139343,120.75728970368704
  148,           740000, 4633.033900939974, 822.6677025751109,3095.1438704668017, 5410.324507616456,    868.2, -498.0877990722656, 84.61544036865234, 85.53250885009766,18.223602294921875,0.20000001788139343,121.63052182594934
  149,           745000, 5382.715701318586, 39.89333096239796, 5274.494112493933,  5415.79480164716,   1000.0, -499.1534118652344, 84.34349060058594, 85.57755279541016,18.278778076171875,0.20000001788139343, 122.5220583597819
  150,           750000, 5353.265657557402, 13.93032228592463,5329.6970990707605, 5375.994124115212,   1000.0, -499.5481872558594, 85.17725372314453, 85.24882507324219, 18.28036880493164,0.20000001788139343,123.40853191216787
  151,           755000, 5345.327696115281,  37.7139314513546, 5258.912517112054, 5392.457514111502,   1000.0, -500.4440002441406, 83.94392395019531, 84.57479095458984,18.283510208129883,0.20000001788139343,124.31844689448674
  152,           760000, 5249.505732033558, 67.70806803579549, 5072.799691352885, 5309.529821651473,   1000.0, -500.9664611816406, 83.32959747314453, 84.00241088867188, 18.27269172668457,0.20000001788139343,125.21893070141475
  153,           765000,5231.1646484268595, 69.98417432882313, 5047.546539287342, 5303.697281075582,    995.1,  -502.447998046875, 82.24357604980469, 82.77224731445312,18.355131149291992,0.20000001788139343,126.11816465457281
  154,           770000,5256.8656045135485, 737.3359935300647,3045.1739866696007, 5525.417395916506,    955.7, -503.1434631347656, 82.56574249267578,  83.4415054321289,18.271297454833984,0.20000001788139343,127.01542509396872
  155,           775000, 4850.852536743544, 1119.430649688699,1493.9125412213764, 5283.869821902752,    929.3,   -504.48388671875, 82.43318939208984,  82.9962158203125, 18.33452033996582,0.20000001788139343,127.90227151314417
  156,           780000, 5424.861760654729, 36.90036967046761, 5372.765337764702, 5493.215798922452,   1000.0,   -505.43115234375, 81.01290893554688, 81.71216583251953,18.359682083129883,0.20000001788139343, 128.8035321633021
  157,           785000, 5015.950002064641,  809.000896731336,2589.7819707204685, 5326.670038917528,    948.5,-506.52349853515625, 81.83576202392578, 82.53575134277344, 18.37917709350586,0.20000001788139343, 129.6845598379771
  158,           790000, 5364.627021633914,17.729990289938915,5339.2346235886525,5393.2500339795815,   1000.0,-507.16180419921875, 83.52056121826172,  84.4402847290039,18.308269500732422,0.20000001788139343,130.58515142997106
  159,           795000, 4760.297978696726, 928.1803982274138, 2863.402075026054,   5267.8345327109,    911.7, -507.6380920410156, 82.17870330810547, 83.65918731689453, 18.31497573852539,0.20000001788139343,131.46692091226578
  160,           800000, 5254.267108054746,    77.59293923739, 5090.908060611163, 5389.000632416773,   1000.0,   -508.19189453125, 81.87397766113281, 83.21491241455078,18.305509567260742,0.20000001788139343, 132.3592033902804
  161,           805000,5112.1360054090055,333.74448775485274, 4163.057237250394, 5311.835900673374,    972.6, -509.1482849121094, 80.59564971923828, 81.63410949707031, 18.37740707397461,0.20000001788139343,133.26238229672114
  162,           810000, 5383.855051053024, 33.96452371251808, 5289.295434362199, 5415.462222019607,   1000.0,  -510.272705078125,   80.638916015625, 81.56127166748047,18.378902435302734,0.20000001788139343,134.16063719590505
  163,           815000,3669.2768104803645,1359.1400654926347,1682.4546905746279, 5359.512458212176,    684.9, -510.9804992675781,      80.830078125, 81.58428955078125,18.422517776489258,0.20000001788139343,135.01378136873245
  164,           820000, 5295.030474858052, 394.9846898908932,  4118.50960395197, 5497.772976798371,    975.8,-511.77130126953125, 80.24675750732422, 80.88330841064453,18.437694549560547,0.20000001788139343,135.89906175136565
  165,           825000, 4534.277308055893, 969.1959336412692, 2767.910485016163, 5397.437687818301,    863.2, -512.2957763671875,  80.4217529296875, 81.83815002441406,18.422250747680664,0.20000001788139343,136.76111316680908
  166,           830000, 5444.861617955653, 24.29113024966656, 5376.316671191498, 5470.546040925871,   1000.0, -513.1360473632812, 80.65201568603516,   81.650634765625, 18.40869903564453,0.20000001788139343, 137.6666347583135
  167,           835000, 4574.064407059205,1245.1519548882964, 1971.016004238256, 5378.192708345176,    859.0, -513.4251098632812, 80.08853149414062, 81.15315246582031, 18.43869400024414,0.20000001788139343,138.54364416996637
  168,           840000, 5496.394141181083,25.742812561949027, 5455.139902021816, 5537.536110622887,   1000.0,  -514.113525390625,     80.2041015625, 81.03379821777344,18.454545974731445,0.20000001788139343, 139.4357699871063
  169,           845000, 3877.378496769578,1570.9070589183825,1234.5450545672074, 5438.739023360883,    718.0, -514.8768920898438,  79.2217025756836, 80.06117248535156,18.478296279907227,0.20000001788139343, 140.2840380271276
  170,           850000, 5481.782266739276,16.691007534167202, 5443.390842782677, 5508.188277366309,   1000.0,    -516.0556640625, 78.76045227050781, 79.08104705810547,18.462440490722656,0.20000001788139343,141.17847388188045
  171,           855000, 5095.834871014928, 716.2540016183473, 2948.024009289395, 5379.479495490186,    955.6, -517.0870971679688,  79.3637924194336, 80.08130645751953, 18.45862579345703,0.20000001788139343,142.06848607063293
  172,           860000,2574.9619773829622,1235.9081437217226,1165.6073413001427,  5438.88660703891,    480.5, -517.8222045898438, 77.92579650878906, 78.75716400146484,18.476346969604492,0.20000001788139343,142.88631997505823
  173,           865000, 5331.680480449811,  42.0431056043688,5280.3458938451895, 5423.722647859366,   1000.0, -518.9000244140625, 78.32695007324219, 78.49939727783203,18.490188598632812,0.20000001788139343,143.77304849624633
  174,           870000, 4688.865156496535,1051.5521087652376, 2780.099852007021, 5381.117102230297,    875.6, -519.4819946289062, 77.62031555175781, 77.81828308105469,18.462919235229492,0.20000001788139343,144.64021137158076
  175,           875000,   5346.3610975294,34.251084718792924, 5285.215120809204, 5392.986576978913,   1000.0,  -519.596923828125, 77.43734741210938, 78.14607238769531,18.479808807373047,0.20000001788139343,145.53816482623418
  176,           880000, 4151.337695521512,1216.6339050929223,1874.9876848687895, 5343.553529000032,    788.1, -520.3283081054688, 76.09829711914062, 76.60455322265625, 18.49285316467285,0.20000001788139343,146.39936806758246
  177,           885000, 4845.223155644007, 1144.726290932248,2369.3666789167046, 5448.117582289164,    895.7, -521.1876220703125,  75.7796630859375,  76.3442611694336, 18.48910903930664,0.20000001788139343,147.28404747247697
  178,           890000,  5313.66284193596,406.63972017303655, 4094.755038367406,  5476.30235839602,    976.1, -522.0897216796875, 74.61567687988281, 75.08763122558594,18.536569595336914,0.20000001788139343, 148.1746484597524
  179,           895000, 5316.675446835522, 35.81223905221957, 5236.739976159155, 5369.765037253488,   1000.0,    -522.8115234375,  73.9500503540039, 74.73456573486328, 18.55910301208496,0.20000001788139343,  149.077091105779
  180,           900000, 5283.395993097773,26.256763226138407, 5227.374778930701,  5324.12678910137,   1000.0,  -523.037841796875, 73.80970001220703, 74.31037139892578,  18.5882568359375,0.20000001788139343,149.98119620084762
  181,           905000, 5229.836446955744, 643.8816891364532, 3300.138985591085,  5469.40161785446,    960.7,  -524.032470703125, 72.89305877685547, 73.58173370361328, 18.60643196105957,0.20000001788139343,150.86872580448787
  182,           910000, 3585.429677578424, 1528.997912904634,1243.9908850742013, 5379.196369833592,    672.6, -525.3643798828125, 70.71013641357422, 71.37909698486328,18.639799118041992,0.20000001788139343,151.70434403816859
  183,           915000, 5225.292360722576,26.442375700935663, 5172.586112726354, 5257.783673103373,   1000.0, -526.5994262695312, 70.82482147216797, 71.56737518310547, 18.64640998840332,0.20000001788139343, 152.6081390897433
  184,           920000,  5349.66274235972,20.421251884929013, 5308.625527239015, 5384.042744877805,   1000.0, -527.0374755859375, 71.38919067382812, 72.19105529785156,18.630388259887695,0.20000001788139343,153.51371403932572
  185,           925000, 5380.534995284537,21.728231043156413, 5340.174382157224, 5412.129971578752,   1000.0, -527.4793090820312, 71.44776153564453, 72.07603454589844,18.621261596679688,0.20000001788139343, 154.4179856936137
  186,           930000, 4994.657711293623, 704.6281141427521,2885.6295344566543, 5300.589250493297,    955.5, -528.1860961914062, 72.18646240234375, 73.44451904296875, 18.63559913635254,0.20000001788139343,155.28887062867483
  187,           935000, 4902.739767080314, 961.5570940811087, 2365.784733159141, 5405.978849600681,    918.7, -528.8997802734375, 70.95310974121094, 71.91484069824219, 18.65103530883789,0.20000001788139343,156.15821785926818
  188,           940000,3210.7875405587242,1570.6709963758808,1436.9611444312986, 5527.440121901297,    586.5, -529.0353393554688, 71.52635955810547, 72.80760192871094,18.643146514892578,0.20000001788139343,156.98149422804514
  189,           945000, 5397.141788545199,15.926962135055138, 5378.893554475867, 5422.930886843499,   1000.0, -529.7617797851562,  70.7734603881836,  71.8595199584961,18.634075164794922,0.20000001788139343, 157.8763495564461
  190,           950000, 5298.340767049223,214.37332389156495, 4662.906332136388, 5420.528481920521,    987.2, -530.5535278320312,  71.1231918334961, 71.99494171142578,18.655426025390625,0.20000001788139343,158.77097309033076
  191,           955000,4997.3587070685335,1232.8884240285677, 1298.952060465044,  5435.68366021331,    923.9, -530.9254760742188, 70.56645965576172, 71.60212707519531, 18.66099739074707,0.20000001788139343,159.66108038028082
  192,           960000, 5401.180698188952, 77.99289349659833, 5274.764123796286, 5481.721749718583,   1000.0, -531.9629516601562, 70.23672485351562, 71.51930236816406,  18.6619815826416,0.20000001788139343,160.55396648645402
  193,           965000, 5338.858889088008, 21.21777771539134, 5300.574304872511, 5371.131970158063,   1000.0, -532.5231323242188, 70.40289306640625, 70.84880065917969,18.667707443237305,0.20000001788139343,161.45375529925028
  194,           970000, 3550.442779569667, 1558.013136612146,1280.5387358539308,5430.6327379332615,    656.8,   -532.66552734375, 69.87174224853516, 70.73265075683594,18.659347534179688,0.20000001788139343, 162.3007190664609
  195,           975000, 4873.321557188056,1475.5623737832263, 447.0486399146828, 5400.569198761103,    909.7, -533.2492065429688, 69.02061462402344, 70.58466339111328,18.654930114746094,0.20000001788139343,163.18121915260951
  196,           980000,   5363.9688173431,30.019009596670976, 5326.207029869685, 5409.306711596279,   1000.0, -534.0499877929688,  69.3470458984375,  69.6607894897461,18.696109771728516,0.20000001788139343,164.08574243386587
  197,           985000, 5292.275034600496, 368.0118146889713, 4188.801160660422, 5434.887854247134,    977.4, -534.3483276367188, 69.25756072998047, 69.62212371826172,18.705488204956055,0.20000001788139343,164.97707555294036
  198,           990000, 5433.458224857528, 41.21886879865709, 5358.857504203563, 5484.919224682737,   1000.0,  -535.044189453125, 69.91767120361328, 70.70187377929688,18.659387588500977,0.20000001788139343, 165.8843924442927
  199,           995000, 5261.650476224326, 376.5012026319356,4132.8992253798015, 5408.137115734728,    978.6,   -535.77294921875, 69.24212646484375, 70.65965270996094,18.726835250854492,0.20000001788139343, 166.7770221074422
  200,          1000000, 5119.439791617964, 703.9674646367048, 3007.791071973264, 5370.857255737821,    956.7,   -536.65771484375, 68.02552795410156, 68.99884033203125, 18.70768165588379,0.20000001788139343, 167.6611804008484
